Name,Mean (ps),2*Stdev (ps),Allocated,Copied,Peak Memory
"All.00,012 cells (Tiny), moore 1.stencilFor (library)",7652459,439952,64616,58,275775488
"All.00,012 cells (Tiny), moore 1.tableSeq",7671255,412520,64824,59,275775488
"All.00,012 cells (Tiny), moore 1.tableSeqBounded",3851786,233896,30536,28,275775488
"All.00,012 cells (Tiny), moore 1.tableParWidth",14960339,980354,64579,50,275775488
"All.00,012 cells (Tiny), moore 1.tableParFill",15046636,1004156,65911,67,275775488
"All.00,012 cells (Tiny), moore 1.tableParBoth",22942883,2062084,75588,65,275775488
"All.00,012 cells (Tiny), moore 1.tableParBounded",11759170,697338,42948,25,275775488
"All.00,012 cells (Tiny), moore 1.tableParChunked",24155444,2219580,62398,104,275775488
"All.00,100 cells (Small10), moore 1.stencilFor (library)",62021069,3424088,546379,426,275775488
"All.00,100 cells (Small10), moore 1.tableSeq",62159838,4058768,547995,418,275775488
"All.00,100 cells (Small10), moore 1.tableSeqBounded",31356701,1768872,259321,196,275775488
"All.00,100 cells (Small10), moore 1.tableParWidth",53888232,3537966,454954,343,275775488
"All.00,100 cells (Small10), moore 1.tableParFill",51848681,3571484,464749,335,275775488
"All.00,100 cells (Small10), moore 1.tableParBoth",38994238,1386568,466023,309,275775488
"All.00,100 cells (Small10), moore 1.tableParBounded",21345153,1642112,271793,179,275775488
"All.00,100 cells (Small10), moore 1.tableParChunked",55751635,3839856,334364,964,275775488
"All.00,400 cells (Small20), moore 1.stencilFor (library)",258424218,13450472,2283510,1727,275775488
"All.00,400 cells (Small20), moore 1.tableSeq",257252636,17361844,2289926,1750,275775488
"All.00,400 cells (Small20), moore 1.tableSeqBounded",132424365,6964128,1096925,810,275775488
"All.00,400 cells (Small20), moore 1.tableParWidth",180280468,13813396,1878671,1345,275775488
"All.00,400 cells (Small20), moore 1.tableParFill",160548535,15165956,1917242,1369,275775488
"All.00,400 cells (Small20), moore 1.tableParBoth",100307519,8304240,1889709,1172,275775488
"All.00,400 cells (Small20), moore 1.tableParBounded",57469775,3876650,1109397,731,275775488
"All.00,400 cells (Small20), moore 1.tableParChunked",167669531,15476908,1310580,17501,275775488
"All.01,024 cells (Small32), moore 1.stencilFor (library)",663559765,32407262,5941505,4408,275775488
"All.01,024 cells (Small32), moore 1.tableSeq",661287500,53057700,5957937,4484,275775488
"All.01,024 cells (Small32), moore 1.tableSeqBounded",339435156,27080880,2866613,2096,275775488
"All.01,024 cells (Small32), moore 1.tableParWidth",450873437,35301922,4883827,3502,275775488
"All.01,024 cells (Small32), moore 1.tableParFill",401410351,36071444,4982338,3408,275775488
"All.01,024 cells (Small32), moore 1.tableParBoth",229790038,18882108,4894913,3223,275775488
"All.01,024 cells (Small32), moore 1.tableParBounded",131515966,9713138,2879070,1946,275775488
"All.01,024 cells (Small32), moore 1.tableParChunked",419841601,31656082,3364813,152075,275775488
"All.02,500 cells (Step), moore 1.stencilFor (library)",1681560937,111817372,14646985,112080,275775488
"All.02,500 cells (Step), moore 1.tableSeq",1672812500,106352986,14686978,108096,275775488
"All.02,500 cells (Step), moore 1.tableSeqBounded",872323437,54275308,7084981,77869,275775488
"All.02,500 cells (Step), moore 1.tableParWidth",1112432030,56867752,12044152,81226,275775488
"All.02,500 cells (Step), moore 1.tableParFill",965400390,59500372,12284334,8243,275775488
"All.02,500 cells (Step), moore 1.tableParBoth",553086718,51527390,12055166,7993,275775488
"All.02,500 cells (Step), moore 1.tableParBounded",316931445,11308738,7097393,4774,275775488
"All.02,500 cells (Step), moore 1.tableParChunked",1270428515,57912414,8251942,1307348,275775488
"All.02,500 cells (StepPeriodic), moore 1.stencilFor (library)",1759662500,114839560,14900203,111182,275775488
"All.02,500 cells (StepPeriodic), moore 1.tableSeq",1761157031,111883760,14940228,109454,275775488
"All.02,500 cells (StepPeriodic), moore 1.tableSeqBounded",923278905,58473176,7240216,76940,275775488
"All.02,500 cells (StepPeriodic), moore 1.tableParWidth",1180846484,69974950,12292606,82039,275775488
"All.02,500 cells (StepPeriodic), moore 1.tableParFill",1038133984,67927552,12532777,8519,275775488
"All.02,500 cells (StepPeriodic), moore 1.tableParBoth",593507226,50941296,12303613,8201,275775488
"All.02,500 cells (StepPeriodic), moore 1.tableParBounded",331725195,29596456,7252629,4869,275775488
"All.02,500 cells (StepPeriodic), moore 1.tableParChunked",1306876953,55727006,8386506,1290585,275775488
"All.10,000 cells (Mid), moore 1.stencilFor (library)",6737940624,423762822,59092933,246697,275775488
"All.10,000 cells (Mid), moore 1.tableSeq",6779671873,425761310,59252904,249274,275775488
"All.10,000 cells (Mid), moore 1.tableSeqBounded",3512707812,235807346,28649128,227678,275775488
"All.10,000 cells (Mid), moore 1.tableParWidth",4501549219,165769504,48634595,244279,275775488
"All.10,000 cells (Mid), moore 1.tableParFill",4095017187,323412296,49594909,271411,275775488
"All.10,000 cells (Mid), moore 1.tableParBoth",2280742187,117865240,48645599,292203,275775488
"All.10,000 cells (Mid), moore 1.tableParBounded",1391660156,114144282,28661477,266261,275775488
"All.10,000 cells (Mid), moore 1.tableParChunked",5821023438,301886648,33196789,9731435,275775488
"All.90,000 cells (Big), moore 1.stencilFor (library)",61190225023,3815626396,534878643,687874,275775488
"All.90,000 cells (Big), moore 1.tableSeq",60905424998,3502688846,536318605,696632,275775488
"All.90,000 cells (Big), moore 1.tableSeqBounded",31716724985,1896129746,259707068,504173,275775488
"All.90,000 cells (Big), moore 1.tableParWidth",39399599999,3394127654,440599396,568665,275775488
"All.90,000 cells (Big), moore 1.tableParFill",36005962489,1870135430,449238125,550637,275775488
"All.90,000 cells (Big), moore 1.tableParBoth",19804737507,1328336188,440607886,491274,275775488
"All.90,000 cells (Big), moore 1.tableParBounded",11669831247,1012631324,259718232,429115,275775488
"All.90,000 cells (Big), moore 1.tableParChunked",59041799980,3283553956,300177745,116146258,275775488
"All.90,000 cells (BigPeriodic), moore 1.stencilFor (library)",63276300006,3656977394,536403930,698128,275775488
"All.90,000 cells (BigPeriodic), moore 1.tableSeq",62734450035,3466017160,537843377,707194,275775488
"All.90,000 cells (BigPeriodic), moore 1.tableSeqBounded",32457649996,1860632206,260642412,518206,275775488
"All.90,000 cells (BigPeriodic), moore 1.tableParWidth",42143525004,3742283480,442095633,585089,275775488
"All.90,000 cells (BigPeriodic), moore 1.tableParFill",37497499993,1918825872,450734288,563494,275775488
"All.90,000 cells (BigPeriodic), moore 1.tableParBoth",23727859375,2001141094,442103932,508349,275775488
"All.90,000 cells (BigPeriodic), moore 1.tableParBounded",13829237494,889703456,260653562,446927,275775488
"All.90,000 cells (BigPeriodic), moore 1.tableParChunked",60856949990,5330338758,300989465,119094343,275775488
"All.90,000 cells (Big), moore 3.stencilFor (library)",407278600088,27146760188,2252820551,2112593,275775488
"All.90,000 cells (Big), moore 3.tableSeq",404995399884,34975680418,2254257504,2129660,275775488
"All.90,000 cells (Big), moore 3.tableSeqBounded",205005600102,13674450308,1116412388,1164764,275775488
"All.90,000 cells (Big), moore 3.tableParWidth",248009699993,16750832204,1755651124,1407960,275775488
"All.90,000 cells (Big), moore 3.tableParFill",220643999999,14950350782,1764294424,1277917,275775488
"All.90,000 cells (Big), moore 3.tableParBoth",122341999999,7157653452,1755660118,1064170,275775488
"All.90,000 cells (Big), moore 3.tableParBounded",69845274956,3590342540,1116417526,807990,275775488
"All.90,000 cells (Big), moore 3.tableParChunked",357785799986,19467654480,1273597152,796677705,709885952
"All.64,000 cells (Mixed3), moore 1.stencilFor (library)",153675599974,14859566050,1280973629,1259740,709885952
"All.64,000 cells (Mixed3), moore 1.tableSeq",153441400012,13909684718,1281996907,1264288,709885952
"All.64,000 cells (Mixed3), moore 1.tableSeqBounded",80664299980,7574009566,632371206,806449,709885952
"All.64,000 cells (Mixed3), moore 1.tableParWidth",102070899993,7982538914,1085342943,968407,709885952
"All.64,000 cells (Mixed3), moore 1.tableParFill",91175999999,7251568594,1091488267,908072,709885952
"All.64,000 cells (Mixed3), moore 1.tableParBoth",60503906249,637628750,1085347548,757547,709885952
"All.64,000 cells (Mixed3), moore 1.tableParBounded",34862587494,2586907056,632377989,606739,709885952
"All.64,000 cells (Mixed3), moore 1.tableParChunked",148633275007,3689735698,699807085,285055468,709885952
"All.02,500 cells (Step), vonNeumann 2.stencilFor (library)",4238721874,235527826,22683903,146125,709885952
"All.02,500 cells (Step), vonNeumann 2.tableSeq",4232225001,420157186,22724105,145617,709885952
"All.02,500 cells (Step), vonNeumann 2.tableSeqBounded",2305026563,144551312,11564270,236647,709885952
"All.02,500 cells (Step), vonNeumann 2.tableParWidth",2810159375,217394720,18964315,149968,709885952
"All.02,500 cells (Step), vonNeumann 2.tableParFill",2563085939,218121446,19204484,12542,709885952
"All.02,500 cells (Step), vonNeumann 2.tableParBoth",1442762499,137091928,18975210,13481,709885952
"All.02,500 cells (Step), vonNeumann 2.tableParBounded",961066601,61193144,11588012,7873,709885952
"All.02,500 cells (Step), vonNeumann 2.tableParChunked",2827279687,130935756,12585499,2655385,709885952
"All.90,000 cells (Big), vonNeumann 2.stencilFor (library)",156045100031,14059501300,832706024,949703,709885952
"All.90,000 cells (Big), vonNeumann 2.tableSeq",156146899967,14629251134,834145981,960693,709885952
"All.90,000 cells (Big), vonNeumann 2.tableSeqBounded",84313949951,7762062984,425787689,677447,709885952
"All.90,000 cells (Big), vonNeumann 2.tableParWidth",102510099968,6739732418,698121910,780066,709885952
"All.90,000 cells (Big), vonNeumann 2.tableParFill",95183349990,7214897022,706762691,747487,709885952
"All.90,000 cells (Big), vonNeumann 2.tableParBoth",65159712499,4342919174,698127472,669389,709885952
"All.90,000 cells (Big), vonNeumann 2.tableParBounded",36013437491,2130693262,425805409,570709,709885952
"All.90,000 cells (Big), vonNeumann 2.tableParChunked",123160075008,5378973214,460581368,181472102,709885952
